,score,A_MET343,A_LEU346,A_THR347,A_LEU349,A_ALA350,A_ASP351,A_GLU353,A_TRP383,A_LEU384,A_LEU387,A_MET388,A_GLY390,A_LEU391,A_ARG394,A_LEU402,A_LEU403,A_PHE404,A_ALA405,A_MET421,A_ILE424,A_PHE425,A_LEU428,A_MET517,A_SER518,A_LYS520,A_GLY521,A_MET522,A_HIS524,A_LEU525,A_MET528,A_LYS529
1qkt_714-23,80.88724681819123,0.7111307659056088,6.421795235475404,0.6589521758946417,3.961569146522007,3.9020251805465023,0.0,6.593144661027355,0.12698699280976913,5.120346680269412,9.186825076709566,6.013610056061951,0.0,7.66798786430405,6.354610341394684,0.0,0.0,13.463968407400007,0.0,2.494854723461896,1.2112934651164653,0.0,1.4566627346268097,0.0,0.0,0.0,2.9146454993251862,0.0,0.8237218332128928,1.8031159781270294,0.0,0.0
1qkt_718-24,69.9934892817934,0.94349538579643,6.3213279307365156,0.6795875246725156,1.2044195357422676,4.213193262007419,0.0,2.4501416178455178,0.12725580376126805,5.053347758820933,6.277620759093417,6.445565143017393,0.0,8.24038784232242,1.316845597104409,0.0,0.0,13.818619874359761,0.0,2.6412736492885434,1.78487341833985,0.0,1.3584384732317294,0.0,0.0,0.0,2.971346682232853,0.0,2.306970182770987,1.8387788406491778,0.0,0.0
1qkt_150-3,63.96042570408207,0.0,4.503748669071087,0.0,2.789494751099369,5.558165758237267,0.0,6.8223237949143245,0.0,3.788869635157565,5.578825570075834,4.363001337397498,0.0,4.550298472195449,2.7955229156304293,0.0,0.0,12.77304043215301,0.0,3.260778152739899,1.1100048411364403,0.0,0.44388138362579976,0.0,0.0,0.2528646506579631,2.8030964864253463,0.4454785343481349,0.9321303963770854,1.1888999228395751,0.0,0.0
1qkt_834-47,63.11128459904445,0.9313878553293742,3.3302249345116315,0.7172287861279927,0.05269799520663823,2.193661923488818,0.0,1.5938426178201441,0.12656456520093062,5.986357193328409,7.1684622949307455,7.976772531242154,0.0,4.739557196557771,1.1876157535148155,0.0,0.0,15.511778906085851,0.0,2.6060998271303975,1.5384562161023154,0.0,0.8601555504695078,0.0,0.0,0.0,2.863812371071033,0.0,1.912136318763012,1.814471762162885,0.0,0.0
1qkt_55-9,62.731400535751504,0.9340867989869506,4.083741430025899,0.0,0.7095117777602643,0.8581112786236611,0.0,7.995768250184833,0.0,4.927504800481633,8.13357780586719,3.6790912765490273,0.0,8.972305137242204,3.279953463624113,0.0,0.0,9.053796567337725,0.0,3.056192038179945,1.4107564637213041,0.0,1.149490530432542,0.0,0.0,0.0,1.7773894339867211,0.0,2.158173867163661,0.5519496155838323,0.0,0.0
1qkt_826-46,60.83415442014832,0.7139432038048177,3.0333494562655243,0.6613722440019584,0.36001642907651293,3.352475420334068,0.0,3.006279013840948,0.06536751348937543,5.963986244134695,6.823751058484808,5.65385203060516,0.0,4.662258642124932,5.505421391380459,0.0,0.0,13.194073497838001,0.0,1.5105544439335965,0.7126050416443196,0.0,1.6334490727456845,0.0,0.0,0.0,1.2322997121907893,0.0,0.5854688773074881,2.163631126945167,0.0,0.0
1qkt_977-60,60.466998058859154,0.5224326185026051,3.3990164858655736,1.6349097257756176,4.3927517524661654,3.4356937164873815,0.0,7.350078986628647,0.0722981797916116,4.029562371524346,8.429414310744729,2.9261469994893874,0.0,2.633368486577003,5.4343491372993995,0.0,0.0,11.021039802524998,0.0,0.0,0.0,0.0,0.0,0.0,0.0,0.0,0.9090931323111098,0.0,0.6078835997063698,3.6689587531642025,0.0,0.0
1qkt_728-25,60.29236933180551,0.31952839383123277,5.369450606390105,0.5780566183687685,2.381148259916204,5.040514457636814,0.0,7.172758231296747,0.09692310912120168,3.603184940855753,1.9271464865491779,3.241130450385315,0.0,8.568191552241585,4.342191896919445,0.0,0.0,8.50579821683246,0.0,1.5358353754889356,1.0215477847231338,0.0,1.7211818071432903,0.0,0.0,0.0,2.132029522388572,0.07963679467297409,0.5772836224998692,2.0788312045439232,0.0,0.0
1qkt_86-53,58.259412427308305,1.1940999448568042,5.922676430540768,0.48267490592232376,4.91070034652022,3.654174340828762,0.0,5.40897169568432,0.12752335577938562,3.392203815860274,1.0573045672310815,2.803772484445575,0.0,8.350609741208604,4.275911455346949,0.0,0.0,6.75403191275074,0.0,2.385284663085739,0.9437689586784055,0.0,1.7782592044252024,0.0,0.0,0.0,1.7341874290028254,0.0,1.509910158904456,1.5733470162358556,0.0,0.0
1qkt_31-4,52.24569039773477,1.075101092481072,6.757379646677609,0.3438385990617766,2.996815868236652,1.7792858483171659,0.0,5.308784720960943,0.0,4.318127008173814,2.972937364586225,4.684556457639116,0.0,2.4437608332831924,0.34649846542006585,0.0,0.0,6.530442179880944,0.0,3.4710253953568424,1.4587883272696194,0.0,0.7959367975157657,0.0,0.0,0.0,1.2292650302741435,0.0,4.291179084356105,1.441967678243696,0.0,0.0
1qkt_404-5,49.299221564017955,0.753179173291953,4.550570320453945,0.7057527842607987,0.0,3.372633005721159,0.0,0.07124244519760504,0.12648015801322735,5.373935527595084,3.538743615139996,6.066924787758208,0.0,2.314537181826652,0.05003622494087062,0.0,0.0,10.884888061453534,0.0,2.299321160153462,1.1366555787452137,0.0,1.0118875561022773,0.0,0.0,0.0,2.5981148694849057,0.0,1.3637066921950276,3.0806124216840294,0.0,0.0
1qkt_132-1,45.797067307502246,0.6720312049558463,2.34596788156,2.020020482447308,2.5972706846578277,2.798621884072438,0.0,1.7592763353599195,0.12929974596481542,3.839609123908175,6.581415449734461,4.218451760753864,0.00045385714753172653,4.286050809174638,4.205096535278226,0.0,0.0,6.523697581025337,0.0,0.0,0.0,0.0,0.7351852456652629,0.0,0.0,0.0,0.9587496301300017,0.0,0.5256647705227884,1.6002043251437774,0.0,0.0
1qkt_119-0,42.68036228801498,0.4357608761429542,2.7029028109717017,1.0423258417585761,1.858034489485171,0.5960507127296953,0.0,1.7579367742456353,0.0,3.658206606084647,2.185076411066326,5.572227180241839,0.0,2.1679926599871506,5.388873611956427,0.0,0.0,8.165444056535337,0.0,2.633782789643255,1.040752350429726,0.0,0.8883769818643793,0.0,0.0,0.0,0.8902092835639126,0.0,0.8331642698919187,0.8632445814163276,0.0,0.0
1qkt_486-6,38.59264272634737,1.0512126807829485,2.0958782563740677,0.6129298761921165,2.0309578905915644,1.954906396226005,0.0,3.7799832482062032,0.0,0.9826986663186468,0.00035060763187915627,2.3124089577874667,0.0,2.302680238935847,0.0016000415413396725,0.0,0.0,6.359134434168491,0.0,2.550074858696787,1.7216818433233554,0.0,1.489976753124501,0.0,0.0,0.12857464826368042,3.697885290318874,0.0,4.290704235914116,1.2290038019494913,0.0,0.0
1qkt_636-14,36.78945742207064,0.0,2.4201525560648256,0.0,2.0273400865540347,0.23054703897761541,0.0,3.7733259454237,0.0,3.668335892583557,3.8741064764216624,2.6031599071846734,0.0,3.5096940306385824,1.2201877440632554,0.0,0.0,5.4889039395642225,0.0,2.5225642346290162,1.8981195672244484,0.0,0.6216047394400996,1.4464124503464981e-05,0.0,0.41613635344654715,1.9081083114446327,0.32466019823126174,0.1081666167525157,0.1743293193014721,0.0,0.0
1qkt_144-2,36.52489728556376,0.0,0.161350118951671,0.0,0.0,3.8069543989801757,0.0,0.9761163363792722,0.0,6.751065792746933,2.9777204966024904,0.893914938939417,0.0,6.189122775192309,0.034320116870402165,0.0,0.0,4.90544559295072,0.0,3.1723684958111713,0.6728853351728302,0.0,0.1763132890726884,0.0,0.0,0.15295219703159477,1.790569133461714,0.08040175641981008,1.7088011576778852,2.074595353302678,0.0,0.0
1qkt_752-37,34.344988098300405,0.5635074376863265,0.14696002431588642,0.19907813134820462,2.494532831648813,1.4258451078490488,0.0,1.8979013014350494,0.0,3.0051950259863576,4.461269338198208,0.037077708470691306,0.0,2.6224714347381735,2.1540481877664095,0.0,0.0,9.368222159449122,0.0,2.384672840913109,1.47864109605368,0.11624093310714384,0.0,0.0,0.0,0.0,1.4029959784832222,0.0,0.5863285608509634,0.0,0.0,0.0
1qkt_674-21,34.27475726638945,0.0,0.004418020305303878,0.0,2.291979545284069,3.5521185766078744,0.0,3.2043231468560167,0.01504498304329028,4.066888846641159,0.8008120046712002,0.43566782381705504,0.0,4.504325738426034,4.5469155814298645,0.0,0.0,5.242298611100649,0.0,1.4644657293715726,0.7739965063698203,0.0,1.290000440665342,0.016818334644737993,0.0035693370188396743,0.3590478652502507,1.4152462835524986,0.06758615900166542,0.024141758345138545,0.195091973987066,0.0,0.0
1qkt_557-10,31.354194492325753,0.8369277267802933,0.009104796829772065,0.0,0.0,0.07770470348615025,0.0,2.0170394556302114,0.037283520604937725,4.160047403770194,8.580624982215035,0.620527246167468,0.0,2.021344423838051,0.0022990635288085977,0.0,0.0,4.6884571715764185,0.0,1.6905656972607792,2.630293225707036,0.0,0.005735141133492004,0.0,0.0,0.5298290778551651,0.8711806375132187,0.0,1.4754845097973883,1.0997457086313263,0.0,0.0
1qkt_776-45,31.342450302786077,1.209820740763874,1.8050004047370145,0.24721687588541058,0.6874490550535565,0.6193596711055052,0.0,4.0610199406142895,0.025314970389193187,2.722782991852209,3.945051589662212,0.0,0.0,0.0,0.0,0.0,0.0,6.5597445237383365,0.0,1.8043118602161548,0.8000597497614548,0.0,0.0,0.0,0.0,0.0,1.4348193445743778,0.0645944498572581,3.7793673923526936,1.5765367422225327,0.0,0.0
1qkt_770-42,30.449486633817756,0.0,0.07082874784630215,0.0,0.9897790154904204,0.03576200035906235,0.0,1.9878342970786886,0.015846022268022775,4.4161949452239435,4.001287189044062,0.09733747434945957,0.0,2.4154821938741406,3.001439339041314,0.0,0.0,5.415634773000016,0.0,1.7285016965735198,2.9719857591490513,0.0,0.045384653834881813,0.0,0.0,0.0,1.8765979413670506,0.0,0.6979650379462641,0.6816255473715536,0.0,0.0
1qkt_661-19,26.978042012661685,0.0,0.018686531613327454,0.0945575914495249,0.041655066088263415,0.05149299871034097,0.0,2.468327438732905,0.0,2.66015258044645,0.9625989228560727,0.6692744601238144,0.0,0.02940197601214476,3.357442980408072,0.0,0.0,9.80822183258302,3.0433521575883132e-05,3.0850249965118692,1.510224838843687,0.1305337145907166,0.030578351507567592,0.003781906835358277,0.0,0.0,2.056055391826969,0.0,0.0,0.0,0.0,0.0
1qkt_640-15,26.96181866852352,0.19213150874971946,1.5276601108812478,0.17013401664020386,2.306044815864791,0.06006742692003027,0.0,5.683893185832032,0.0,2.440700823973281,3.733952395414254,1.623934302875798,9.763719576153964e-05,2.7440748118925913,0.15933095819194482,0.0,0.0,2.390086260320624,0.0,2.808706639119247,0.20329672854124245,0.0,0.0,0.0,0.0,0.0,0.8992141470326427,0.0,0.018492899078102386,0.0,0.0,0.0
1qkt_666-20,25.233250393279565,0.0,0.006408570598758667,0.0,1.7296203250590192,0.0884775768142226,0.0,2.100606946913943,0.015531517323653637,3.561724422955145,3.691984009415858,0.19687637905632782,0.0,1.5155437845768875,1.3372081376957594,0.0,0.0,4.188731220588452,0.0,2.032593315130663,1.0415848317560834,0.0,0.03572005254723525,0.0,0.0,0.44793888858520914,2.0548348493529667,0.45417693842703677,0.023813515996961288,0.7098751104853684,0.0,0.0
1qkt_775-44,25.006178998117107,0.0,0.857276892284352,0.0,0.16468553156479043,0.6941936115066661,0.0,1.8572703286759822,0.0,5.074645809959854,0.6149935563440705,2.3904518164971233,0.0,0.6956871477905564,0.15006136254864927,0.0,0.0,1.5199527370717758,0.0,0.72340844982762,1.9715089381667283,0.0,1.1390695845225103,0.0,0.0,0.4594373629557467,2.472581928862322,0.38947258517031236,2.2426586605689773,1.5888226937990615,0.0,0.0
1qkt_873-58,22.30092976494093,1.4523943152532957,0.04141087415198047,0.8439913955746141,0.005596821710508161,1.601975438565108,0.0,0.023460470008158898,0.0,0.5999829280566132,2.6521393177841572,0.08354269648777304,0.0,0.030783042360283213,3.153001772242087,0.0,0.0,5.266771830744647,0.0,0.9292736079486051,0.0,0.0,0.0,0.0,0.0,0.0,2.645249067369941,0.0,1.120218358392325,1.851137828290835,0.0,0.0
1qkt_549-8,22.186656340156524,0.5837388383549318,0.7702655309541906,0.0,0.10402090840764816,0.34908496583064624,0.0,1.9257005229954172,0.0,4.086495409345307,0.29771150787735634,3.054226989116667,0.0,0.3254061319536801,1.175867978071374,0.0,0.0,1.2540126598846753,0.0,0.27473822930070024,0.8249922046536173,0.0,1.0161796169567738,0.0,0.0,0.0,2.0123799346360203,0.0,2.9773104853195633,1.1545244264979502,0.0,0.0
1qkt_842-48,21.78601301444172,1.2727076198136649,0.04072533745996062,1.0286599136415238,0.0,0.1637870167731431,0.0,0.8172610125624507,0.0,0.5838116616177759,4.553242405641372,0.12349334658408603,0.0,0.028897785460835913,0.1560647421759176,0.0,0.0,5.0932854695456315,0.0,0.2999912963729269,0.0,0.0,0.0,0.0,0.0,0.0,2.1893261516783,0.0,3.3694048314076865,2.0653544237064447,0.0,0.0
1qkt_608-13,21.498318793912286,0.0,0.06682127542496315,0.0,2.0437789331380025,0.11798670700041472,0.0,3.8061399720995297,0.0,1.408037129304273,2.2526707016933534,0.34321252767534555,0.0,0.4382725470248308,0.04671648044897109,0.0,0.0,3.5994797889376065,0.0,3.4222113193218613,2.2843982711847053,0.0,0.041064994816729025,0.0,0.0,0.0,1.6275281458416941,0.0,0.0,0.0,0.0,0.0
1qkt_698-22,20.189393277102525,0.0,4.634279598674141,0.0,0.3356389859897076,0.716661025642266,0.0,3.475620815602289,0.010681808760864685,1.2906221208109026,2.2911594217227047,2.1221481200321706,0.0,0.6215625809698253,0.018216056341786777,0.0,5.653202594936913e-06,0.91769457565482,1.7152173056623293e-05,0.0,0.0,0.0,1.4669885126761304,0.0,0.0,0.0,1.584055305642985,0.0,0.0,0.7040415432062856,0.0,0.0
1qkt_594-11,19.704943162578854,1.5549615955286835,1.0730660562496743,0.05810489708698416,0.2547729234005315,0.7523277337178707,0.0,1.0607071602070097,0.0,2.9431334453970006,0.0005351329681354786,0.1288511924374973,0.0,0.04304354433193093,0.00010203935167980458,0.0,0.0,1.1409742959861728,0.0,2.62078531291355,3.0081870937565673,0.0,0.0,0.0,0.0,0.4130282074703385,2.380288880735259,0.0,0.9170467093078402,1.3550269417321283,0.0,0.0
1qkt_766-41,19.26073811257643,0.5769385343186897,0.05618114221131883,0.17083178228640428,0.1418691376366973,0.5615711582438025,0.0,0.691803424391179,0.0,3.828951291389584,0.4662923483311061,0.27950559853143675,0.0,0.001181243668942302,1.0798179585033074,0.0,0.0,2.39820942221749,0.0,0.8732735545337431,0.8099134906329395,0.0,0.05327535343487065,0.0,0.0,0.0,3.065767098308215,0.0,3.4297747338511355,0.7755808400855493,0.0,0.0
1qkt_866-56,17.892388293723492,0.6361239812462547,1.3476446600123064,1.0664244975000106,0.0,0.8825793996822004,0.0,0.0,0.13564250978498116,2.410641106050481,0.5180051540674162,1.8401780441334332,0.0,0.33246386522202,0.0,0.0,0.0,4.507822799780898,0.0,0.2376941358893347,0.0,0.0,0.7810140227305716,0.0,0.0,0.0,0.2565767198092194,0.0,0.0,2.9395773978143644,0.0,0.0
1qkt_744-33,17.800971201472667,0.6244349664586557,1.4200333556815945,0.948104158630231,0.0,0.7839603485876946,0.0,0.0,0.13538844416934478,2.6251031463930325,0.6500587425172849,1.610271335973867,0.0,0.7122992708090443,0.0,0.0,0.0,4.947611818868228,0.0,0.2068934380944369,0.0,0.0,0.0573829303939606,0.0,0.0,0.0,0.25380227247360876,0.0,0.0,2.825626972421679,0.0,0.0
1qkt_875-59,17.77043224567172,0.6569758358554142,1.4436133339521195,0.9640245108640172,0.0,0.543593674228809,0.0,0.0,0.13552958739917093,2.6739339902235115,0.548168441296865,1.6969798442095025,0.0,0.779767083558111,0.0,0.0,0.0,5.073672774464336,0.0,0.20985683875137343,0.0,0.0,0.06337925215916766,0.0,0.0,0.0,0.24331745870700977,0.0,0.0,2.7376196200023037,0.0,0.0
1qkt_738-30,17.439200640835793,0.6667171477125855,1.3910910721335537,1.0815005277721956,0.0,0.6742539248530552,0.0,0.0,0.13672456714004044,2.495417037629234,0.42943099605606766,1.7755185858083917,0.0,0.48007117065185007,0.0,0.0,0.0,4.177284257969261,0.0,0.1876936578499179,0.0,0.0,0.7516389511807094,0.0,0.0,0.0,0.25125537314805935,0.0,0.0,2.940603370930873,0.0,0.0
1qkt_735-27,16.94235956020418,0.6316002263900554,1.2706677696670858,1.0958170331108281,0.0,1.0797217007951658,0.0,0.0,0.13442997366059523,1.5808077806501124,0.3814721989685543,1.9005924120912514,0.0,0.337910774194893,0.0,0.0,0.0,4.364228762433821,0.0,0.2392160213679708,0.0,0.0,0.7434330318068735,0.0,0.0,0.0,0.27084695552586013,0.0,0.0,2.911614919541119,0.0,0.0
1qkt_860-54,16.65068027691425,0.6652186623168337,1.4319330818245868,1.0303866608946528,0.0,0.5619453026779959,0.0,0.0,0.13645381647727547,2.453611649901989,0.4456408311945129,1.743887941928482,0.0,0.41227369559418825,0.0,0.0,0.0,4.34434493403503,0.0,0.2548046638241077,0.0,0.0,0.043357063134776615,0.0,0.0,0.0,0.24430934417248146,0.0,0.0,2.8825126289373366,0.0,0.0
1qkt_500-7,16.60279724713662,0.07256136967706965,0.607308526554754,0.08082058994137341,0.0027482004451734677,0.584215546702615,0.0,2.658663864213875,0.0,2.7983342165538856,0.30023166990852707,0.15378719950807315,0.0,0.15996121534516627,1.5038811080468082,0.0,0.0,2.133796525179612,0.0,1.2603412403109424,0.6836596083820405,0.0,0.0,0.0,0.0,0.0,2.5651495382724065,0.0,0.25227802529008186,0.7850588028042159,0.0,0.0
1qkt_774-43,16.13558545465534,0.4542356751091158,2.1580467010337228,0.7127604277542787,0.0,1.0368507538790153,0.37308371326511364,0.0,0.014842405882278066,1.9072062354042632,0.01878022184377122,0.06095731182793093,0.0,0.6043219398585167,0.0,2.0842633666378695e-05,0.0,3.5596155695113856,0.0,0.7782655828943537,1.293740697663062,0.00038323811656715696,0.0222887730752741,0.0,0.0,0.0,0.2340860106577915,0.0,0.0,2.9060993542452427,0.0,0.0
1qkt_855-51,15.606440310988972,0.20126659911616276,1.3882383202087403,1.0925327942145222,0.0,0.5542347292406347,0.0,0.0,0.13570572100084352,2.4468098326836545,0.4858624216954468,1.756848776104044,0.0,0.3406223267638686,0.0,0.0,0.0,3.73201004533667,0.0,0.2008833863158015,0.0,0.0,0.03811448171716793,0.0,0.0,0.0,0.24658759947665235,0.0,0.0,2.9867232771147645,0.0,0.0
1qkt_746-34,15.426817328921631,0.4694755310294483,0.08013762728123545,0.2764768684117315,0.0,0.2410388308583839,0.0,0.0,0.018887259715994077,1.8543420037851925,4.242150554243753,0.6541528383423117,0.0,0.08117262585704844,0.0,0.0,0.0,2.8137534291750246,0.0,0.8246667250072034,0.9230823518705111,0.0,0.012459563387233273,0.0,0.0,0.0,0.0,0.0,0.12140060314307966,2.3254245157193094,0.4881960010941663,0.0
1qkt_862-55,14.043874114693146,0.0,2.0536501243406304,0.12912701258157971,0.0,0.5627265469142559,0.00546611939762653,0.0,0.01938463174600281,2.5914520398160708,0.468032289623113,0.6399584289213897,0.0,0.22628428860970135,0.0,0.0,0.0,0.6063468670512842,0.0,1.9255013355903068,2.9235200231462666,0.0021868434641870906,0.1818541119310319,0.0,0.0,0.0,0.30665831191538434,0.0,0.0,1.4017251396443113,0.0,0.0
1qkt_655-18,14.022072507140829,0.39518061724439757,0.05575778863031586,0.4070488059648233,0.0,2.5101452634958092,0.0010093675032929986,0.0,0.012926120632324614,0.4325433990866352,0.0,0.052978615506759794,0.0,0.0,0.0,0.0,0.0,0.0,0.0,2.8050914869115333,1.9753613252605806,0.0,0.0,0.0,0.0,0.0,2.532302110081005,0.0,0.9445417842022003,1.8445466278494134,0.018470455599992046,0.03416873917174366
1qkt_751-36,12.9717497175762,0.6762360352461537,0.08189420317886603,0.22244861644731156,0.0,0.2604583051638621,0.0,0.0,0.018476091871119114,1.9525105844243058,1.7189374521682588,0.4891577361867359,0.0,0.0930183365207853,0.0,0.0,0.0,2.720595599253255,0.0,1.0073633198533711,0.8829959067119836,0.0,0.010252134258270368,0.0,0.0,0.0,0.0,0.0,0.09651772767526583,2.261622989254199,0.479264679362453,0.0
1qkt_750-35,12.899148487306777,0.23085594918897642,2.977255574917559,0.027831172559055914,0.0,2.1664082270298053,0.0,0.0,0.007498839099890752,2.8421242202709314,1.0205624269804678,0.7018968572139864,0.0,0.014688080119372612,0.0,0.0,0.0,0.862908871423559,0.0,0.6716949409905508,0.2621406606360073,0.0,0.29654521953932983,0.0,0.0,0.0,0.0,0.0,0.0,0.8100536751530656,0.0,0.006683772184219754
1qkt_762-39,12.560460155248558,0.16265584831304555,0.1268259418190812,1.145496839070032,0.0,0.3604013815317652,0.02636921126465907,0.0,0.016546812324723093,1.896249897961963,0.16261734977925726,1.9178044647029273,0.0,0.425750482025771,0.0,0.0,0.0,3.659717314031479,0.0,0.26623440449338154,0.5455008179279799,0.0,0.03625205568562206,0.0,0.0,0.0,0.28544949760236504,0.0,0.0,1.447159897897559,0.0,0.07942793881695084
1qkt_758-38,12.438728418590312,1.432641846161602,0.11331500578038262,0.7795222675618504,0.0,0.44326533219999287,0.050852323432829444,0.0,0.013125615151576942,1.509128710270532,0.07461013671945309,1.7522175839923764,0.0,0.8576907488206351,0.0,0.0,0.0,1.359047880879277,0.0,0.252298300530523,0.8517970612123253,0.0,0.04116634107622812,0.0,0.0,0.0,1.0605267250051473,0.0,0.23168477976793572,1.6158377600276468,0.0,0.0
1qkt_765-40,11.28204081083499,0.1449803032721933,0.1258120111560552,0.5123641117314337,0.0,0.3894843687742839,0.0,0.02299111464648418,0.01789617981857899,2.534002365488616,0.2009083544263045,1.5931533358203576,0.0,0.10379904795284046,0.13195960466496628,0.0,0.0,0.6742130091553249,0.0,0.26369110447571087,0.4705259510544165,0.0,0.07443030873024084,0.0,0.0,0.0,1.562885245587442,0.0,1.4102878811766781,0.8279080985957452,0.2207484143073196,0.0
1qkt_598-12,10.898565569827857,0.0,0.13758292331517413,0.2638130387446692,0.0,2.7818509567041403,0.003979866370616537,0.024490980000200464,0.008647948974880741,2.4856611469282446,2.383691012711454,0.40352879673269787,0.0,0.01060064642547769,0.0,0.0,0.0,0.5570901521361598,0.0,0.0,0.0,0.0,0.029720917068290765,0.0,0.0,0.0,0.0,0.0,0.0,1.7969014132849348,0.0,0.011005770430914507
1qkt_647-17,10.190987345309374,0.7283655536820064,0.07446028678023732,0.5297311957093824,0.0,0.030438158155432445,0.0041391237298024726,0.0,0.0,0.5320295742891458,0.0,0.0,0.0,0.0,0.0,0.0,0.0,0.0,0.0,1.426899962668064,1.1988486599945494,0.0,0.0,0.0,0.0,0.0,0.9981857262216534,0.09138632158106955,2.5611283074720714,2.0116432904208117,0.0,0.0037311846051507713
1qkt_858-52,9.993150936454253,0.4847594322371359,1.8607054996984445,0.39953777860391515,0.0,0.9253134740531526,0.0,0.0,0.0,1.1550283417414384,0.0764778089671643,0.7236528359893544,0.0,0.1964919784588303,0.0,0.0,0.0,0.38752397149793155,0.0,0.808174073888648,0.8179468355182132,0.0,0.012405302935998366,0.0,0.0,0.0,0.4919301536155572,0.0,0.36214205047358106,0.8856329267940927,0.40145855925868174,0.00396991272210821
1qkt_867-57,9.978587430500967,0.5067380133380871,0.05855139556044923,0.3281041289708375,0.0,3.204169561019663,0.00397213925384007,0.0,0.011546771375406792,0.26133025168286617,0.0,0.019592484170409624,0.0,0.0,0.0,0.0,0.0,0.20170497255274866,0.0,1.4644495389875314,0.6199557205642305,0.0,0.007038060927695489,0.0,0.0,0.0,1.3937569854617395,0.0,0.661554794730424,1.231514041550546,0.0,0.004608570354493579
1qkt_734-26,9.625089628970246,0.3907233692147704,1.0186497286880514,0.46799651631641714,0.0,0.8237703279213033,0.0,0.0,0.0,1.06445094931308,0.26262249734458487,0.9878661242307598,0.0,0.19917309233765218,0.0,0.0,0.0,0.41954163929414284,0.0,0.9863089699370914,0.872465026799534,0.0,0.010539472918167115,0.0,0.0,0.0,0.5006779490905833,0.0,0.4063426352121693,0.7314697337048375,0.47958950195591665,0.002902094691183442
1qkt_848-49,9.239248942520561,0.5071545267748979,2.0913093642225435,0.33421039237200595,0.0,0.6151276698303586,0.0,0.0,0.0,1.0348717690555156,0.5538697928016446,0.5125744552452965,0.0,0.05001697906776255,0.0,0.0,0.0,0.5063886453217211,0.0,0.47546452987908433,0.47288769886180304,0.0,0.032142885133392265,0.0,0.0,0.0,0.5120891356818137,0.0,0.3714218476147811,0.8666386457362397,0.2984976992814806,0.004582905640216916
1qkt_737-29,9.169021928466822,0.48102125891805286,1.1766926995528575,0.4257517689696485,0.0,0.7990024543189151,0.0,0.0,0.0,1.0584167508306777,0.26775782185665553,0.8504863953511335,0.0,0.206079597980038,0.0,0.0,0.0,0.4312356982233475,0.0,0.5742693105444457,0.8031862310065514,0.0,0.013982753380726241,0.0,0.0,0.0,0.49701794724226905,0.0,0.3569462517353831,0.8470289314772981,0.3764953484123188,0.0036507086665026195
1qkt_851-50,8.956505498141443,0.4561806715753595,1.9467437517179424,0.37385159031636644,0.0,0.7442799853055752,0.0,0.0,0.0,1.0148251702707836,0.566465391527557,0.4411730235109506,0.0,0.06017567306980826,0.0,0.0,0.0,0.5191971891269873,0.0,0.45850455049009886,0.47324027954796666,0.0,0.03628088618293322,0.0,0.0,0.0,0.40232739450617316,0.0,0.28682102045096475,1.0178707760915424,0.15409504602438737,0.004473098426046319
1qkt_642-16,8.919000255171838,0.7965054066805084,0.12441142322115054,0.7689987419886064,0.0,0.13941999130746105,0.004015613855484399,0.0,0.006473636287150525,0.0,0.0,0.0,0.0,0.0,0.0,0.0,0.0,0.0,0.0,1.255511646641148,0.16533739006799858,0.0,0.0,0.0,0.0,0.0,0.3217032841165362,0.0,2.6253942583807786,2.7096773355815302,0.0,0.0015515270434867663
1qkt_740-31,8.862936335962905,0.4974117626291368,1.7744525184320334,0.38325115884647054,0.0,0.7358909855534572,0.0,0.0,0.0,1.059827751896383,0.27447573850878804,0.5094249507813923,0.0,0.04066488923049227,0.0,0.0,0.0,0.45936509126960634,0.0,0.5372573663417798,0.5442320451301986,0.0,0.021246176115934764,0.0,0.0,0.0,0.47842236982209047,0.0,0.3474057350419982,0.8909236970424396,0.30503228656556064,0.003651812755144609
1qkt_736-28,8.706005010436739,0.46766743500678404,1.6993377682835098,0.3912403365560419,0.0,0.7607871127430119,0.0,0.0,0.0,1.0872772556188617,0.27746770560833256,0.45049543627844224,0.0,0.042279912895528696,0.0,0.0,0.0,0.4741577979971222,0.0,0.5167115282792349,0.5361299008391407,0.0,0.022666958378927474,0.0,0.0,0.0,0.44619500872111745,0.0,0.30676622116560465,0.9626354295571086,0.2589769053266837,0.005212297181286069
1qkt_742-32,7.628755082324442,0.07980343476016141,0.7672306485632363,0.4976229253962911,0.0,0.26313150590209705,0.0,0.0,0.007710895991571222,2.3205857234749607,0.5207630211731318,0.8281859314058351,0.0,0.2224319132991972,0.0,0.0,0.0,0.5024518115690954,0.0,0.5217926338172125,0.0,0.0,0.03003414409776222,0.0,0.0,0.0,0.3459785696375118,0.0,0.04193778500607557,0.6771025846550125,0.0,0.0019915535752916937
